{
  "axios": "latest",
  "prop-types": "latest",
  "react-native-gesture-handler": "latest",
  "@react-navigation/native": "latest",
  "@react-navigation/stack": "latest",
  "react-native-reanimated": "latest",
  "react-native-screens": "latest",
  "react-native-safe-area-context": "latest",
  "@react-native-community/masked-view": "latest",
  "react-redux": "latest",
  "reactotron-react-native": "latest",
  "reactotron-redux": "latest",
  "reactotron-redux-saga": "latest",
  "redux": "latest",
  "reduxsauce": "latest",
  "redux-saga": "latest",
  "seamless-immutable": "latest",
  "styled-components": "latest"
}
